positive_percentage,negative_percentage,neutral_percentage
16.359918200409,4.703476482617587,78.93660531697341
